동,주택가 기준 배송 난이도,택배 물동 예측량,1인가구비율,무인택배함개수
서울특별시 종로구 사직동,0.168473388,0.304123515,0.469097698,0.090909091
서울특별시 종로구 삼청동,0.149563942,0.158427157,0.442994034,0
서울특별시 종로구 부암동,0.473958758,0.278261887,0.346538892,0
서울특별시 종로구 평창동,0.902926074,0.3803332,0.219388317,0
서울특별시 종로구 무악동,0.019806015,0.294544323,0.168656226,0.181818182
서울특별시 종로구 교남동,0.08248431,0.305735499,0.343271777,0
서울특별시 종로구 가회동,0.203684082,0.233812684,0.436782268,0
서울특별시 종로구 종로1·2·3·4가동,0.109299861,0.169704953,0.837361867,0.090909091
서울특별시 종로구 종로5·6가동,0.186812291,0.112937579,0.761184597,0
서울특별시 종로구 이화동,0.231233189,0.195121341,0.680435351,0.090909091
서울특별시 종로구 창신1동,0.108973836,0.175052489,0.565767519,0.090909091
서울특별시 종로구 창신2동,0.243703643,0.23319369,0.444546117,0
서울특별시 종로구 창신3동,0.087700709,0.303743665,0.258516163,0
서울특별시 종로구 숭인1동,0.169043932,0.252982756,0.4645318,0.090909091
서울특별시 종로구 숭인2동,0.150379004,0.249987416,0.750898909,0.181818182
서울특별시 종로구 청운효자동,0.496128454,0.291262944,0.341726407,0.090909091
서울특별시 종로구 혜화동,0.484799087,0.372718578,0.708349072,0
서울특별시 중구 소공동,0.002934224,0.112100151,0.584452215,0
서울특별시 중구 회현동,0.064634445,0.27969202,0.53030518,0
서울특별시 중구 명동,0.039693537,0.129506942,0.692012349,0.090909091
서울특별시 중구 필동,0.097318445,0.24365428,0.674702239,0.090909091
서울특별시 중구 장충동,0.155187872,0.177282044,0.729018663,0.272727273
서울특별시 중구 광희동,0.098133507,0.206143456,0.686413755,0
서울특별시 중구 을지로동,0.012959491,0.037317468,0.905502263,0
서울특별시 중구 신당5동,0.171815144,0.457468651,0.54359451,0
서울특별시 중구 황학동,0.107262206,0.424761844,0.593678645,0
서울특별시 중구 중림동,0.076045318,0.454519099,0.385122263,0
서울특별시 중구 신당동,0.243866656,0.316332931,0.697979952,0
서울특별시 중구 다산동,0.396201809,0.454285408,0.477913384,0.363636364
서울특별시 중구 약수동,0.137419513,0.755904361,0.342887707,0.363636364
서울특별시 중구 청구동,0.145407124,0.481379589,0.394617884,0
서울특별시 중구 동화동,0.072866574,0.503497035,0.223558758,0
서울특별시 용산구 후암동,0.532480235,0.359818552,0.465086782,0.090909091
서울특별시 용산구 용산2가동,0.330507784,0.192673987,0.520755655,0
서울특별시 용산구 남영동,0.181106855,0.165279965,0.804773354,0.181818182
서울특별시 용산구 원효로2동,0.161789877,0.426244642,0.339455806,0
서울특별시 용산구 효창동,0.126579183,0.250221883,0.31405688,0.272727273
서울특별시 용산구 용문동,0.109218355,0.405478716,0.374345914,0
서울특별시 용산구 이촌1동,0.005134893,0.681453867,0.118152861,0.090909091
서울특별시 용산구 이촌2동,0.048985247,0.450886841,0.268580275,0.090909091
서울특별시 용산구 이태원1동,0.267829489,0.208673214,0.592879153,0.272727273
서울특별시 용산구 이태원2동,0.365555465,0.214606601,0.559344584,0
서울특별시 용산구 서빙고동,0.223571603,0.459587132,0.278872254,0
서울특별시 용산구 보광동,0.577634689,0.341777169,0.583822908,0.090909091
서울특별시 용산구 청파동,0.59124623,0.423848044,0.668756959,0.181818182
서울특별시 용산구 원효로1동,0.138397587,0.362007969,0.480153122,0.090909091
서울특별시 용산구 한강로동,0.249572092,0.388542647,0.524866189,0.181818182
서울특별시 용산구 한남동,0.668269623,0.386336362,0.542729897,0.272727273
서울특별시 성동구 왕십리2동,0.163990545,0.554103372,0.387278856,0.090909091
서울특별시 성동구 마장동,0.323742766,0.558412255,0.456136425,0
서울특별시 성동구 사근동,0.223408591,0.454295902,0.855173344,0.090909091
서울특별시 성동구 행당1동,0.149074904,0.468537984,0.39736229,0.090909091
서울특별시 성동구 행당2동,0.04026408,0.729633156,0.21083083,0.181818182
서울특별시 성동구 응봉동,0.050615372,0.673212701,0.19676777,0
서울특별시 성동구 금호1가동,0.013693048,0.547136423,0.284213881,0
서울특별시 성동구 금호4가동,0.126497677,0.436204177,0.318984089,0
서울특별시 성동구 성수1가1동,0.239628332,0.476757498,0.418571163,0.181818182
서울특별시 성동구 성수1가2동,0.208574456,0.428437244,0.499974056,0.181818182
서울특별시 성동구 성수2가1동,0.412747575,0.394807621,0.49045377,0.090909091
서울특별시 성동구 성수2가3동,0.074659712,0.306502474,0.525351922,0.090909091
서울특별시 성동구 송정동,0.270600701,0.352991947,0.564329555,0.090909091
서울특별시 성동구 용답동,0.410628413,0.309185612,0.666759196,0.181818182
서울특별시 성동구 왕십리도선동,0.130165458,0.742914695,0.389632386,0
서울특별시 성동구 금호2·3가동,0.269948651,0.683757,0.311792132,0.090909091
서울특별시 성동구 옥수동,0.05803244,0.819221531,0.260453708,0.090909091
서울특별시 광진구 화양동,0.38405738,0.453783399,0.993492201,0.181818182
서울특별시 광진구 군자동,0.451789062,0.410650852,0.684041336,0.181818182
서울특별시 광진구 중곡1동,0.289917679,0.425019291,0.551853415,0.363636364
서울특별시 광진구 중곡2동,0.31934143,0.528141829,0.477158862,0.181818182
서울특별시 광진구 중곡3동,0.321949629,0.358582122,0.50916904,0.272727273
서울특별시 광진구 중곡4동,0.569565572,0.585579519,0.367196152,0.090909091
서울특별시 광진구 능동,0.239302307,0.304066183,0.678508911,0.090909091
서울특별시 광진구 구의1동,0.30915315,0.495485207,0.637184717,0.181818182
서울특별시 광진구 구의2동,0.436384383,0.53243509,0.335966561,0.272727273
서울특별시 광진구 구의3동,0.180862336,0.661996625,0.319653034,0
서울특별시 광진구 광장동,0.164805608,0.709507518,0.117564544,0.090909091
서울특별시 광진구 자양1동,0.34444535,0.532796656,0.542108014,0.090909091
서울특별시 광진구 자양2동,0.262205559,0.546988411,0.354328252,0.272727273
서울특별시 광진구 자양3동,0.164398076,0.601586997,0.225432499,0.090909091
서울특별시 광진구 자양4동,0.522047437,0.432241967,0.557050137,0.272727273
서울특별시 동대문구 회기동,0.199853289,0.152864474,0.819243206,0.090909091
서울특별시 동대문구 휘경1동,0.286168392,0.178716212,0.628842142,0
서울특별시 동대문구 휘경2동,0.376314288,0.332783919,0.540103668,0.090909091
서울특별시 동대문구 청량리동,0.410139376,0.256129985,0.450565704,0.181818182
서울특별시 동대문구 용신동,0.553753362,0.337383892,0.680109658,0.090909091
서울특별시 동대문구 제기동,0.531991197,0.282155349,0.574278991,0.090909091
서울특별시 동대문구 전농1동,0.616024126,0.341556933,0.525659622,0.181818182
서울특별시 동대문구 전농2동,0.127638764,0.464752866,0.258688005,0
서울특별시 동대문구 답십리2동,0.238242726,0.496000417,0.338284285,0
서울특별시 동대문구 장안1동,0.412829081,0.504268285,0.410709421,0.181818182
서울특별시 동대문구 장안2동,0.360502078,0.439456098,0.291700668,0.181818182
서울특별시 동대문구 이문1동,0.472165621,0.205191493,0.738804616,0.090909091
서울특별시 동대문구 이문2동,0.264813758,0.308983661,0.356304909,0
서울특별시 동대문구 답십리1동,0.253647404,0.416119426,0.377298994,0.090909091
서울특별시 중랑구 면목2동,0.444698019,0.318683322,0.447458941,0.181818182
서울특별시 중랑구 면목4동,0.316488711,0.255827313,0.40526591,0.090909091
서울특별시 중랑구 면목5동,0.226261309,0.227233901,0.30566142,0.090909091
서울특별시 중랑구 면목7동,0.390007336,0.330318301,0.413687011,0
서울특별시 중랑구 상봉1동,0.219985329,0.380554879,0.281158167,0
서울특별시 중랑구 상봉2동,0.267258945,0.281493727,0.649582983,0.363636364
서울특별시 중랑구 중화1동,0.345178906,0.352979339,0.333538765,0.272727273
서울특별시 중랑구 중화2동,0.732578042,0.335573226,0.553184929,0
서울특별시 중랑구 묵1동,0.288532073,0.371998767,0.314064256,0.181818182
서울특별시 중랑구 묵2동,0.286575923,0.303064445,0.437865882,0.090909091
서울특별시 중랑구 망우3동,0.388051186,0.254710602,0.439716913,0.090909091
서울특별시 중랑구 신내1동,0.175890456,0.646565543,0.177602718,0.090909091
서울특별시 중랑구 신내2동,0.001711631,0.499556987,0.304302086,0.090909091
서울특별시 중랑구 면목본동,0.702991279,0.408459838,0.49646333,0.090909091
서울특별시 중랑구 면목3·8동,0.568669003,0.421480408,0.467169169,0
서울특별시 중랑구 망우본동,0.563697123,0.309915092,0.442359738,0
서울특별시 성북구 돈암1동,0.059336539,0.457801832,0.262012355,0
서울특별시 성북구 돈암2동,0.016953297,0.608526238,0.134046277,0.090909091
서울특별시 성북구 안암동,0.342733719,0.230736293,0.825805767,0.090909091
서울특별시 성북구 보문동,0.249490586,0.349113112,0.516329023,0
서울특별시 성북구 정릉1동,0.154861847,0.348393203,0.289155298,0
서울특별시 성북구 정릉2동,0.409242807,0.428029751,0.285008064,0.090909091
서울특별시 성북구 정릉3동,0.647893064,0.268272413,0.560204196,0.090909091
서울특별시 성북구 정릉4동,0.351780911,0.463061594,0.305236782,0.090909091
서울특별시 성북구 길음1동,0.032928519,0.493751611,0.132327442,0
서울특별시 성북구 길음2동,0.128861358,0.205666736,0.292346563,0.090909091
서울특별시 성북구 월곡1동,0.275572581,0.372909746,0.272035896,0.090909091
서울특별시 성북구 월곡2동,0.346972043,0.318049971,0.514986211,0.090909091
서울특별시 성북구 장위1동,0.506561252,0.251379658,0.359729119,0.090909091
서울특별시 성북구 장위2동,0.512429701,0.262234209,0.411351851,0
서울특별시 성북구 장위3동,0.287798517,0.198110353,0.308773923,0.181818182
서울특별시 성북구 성북동,0.765669574,0.293705691,0.492626102,0.090909091
서울특별시 성북구 삼선동,0.555709512,0.389293542,0.548557441,0.272727273
서울특별시 성북구 동선동,0.358708941,0.182276358,0.765903898,0.181818182
서울특별시 성북구 종암동,0.438992583,0.452020387,0.40640103,0.181818182
서울특별시 성북구 석관동,0.66810661,0.365890524,0.425759296,0.181818182
서울특별시 강북구 번1동,0.470535496,0.363654491,0.589105975,0.181818182
서울특별시 강북구 번2동,0.12666069,0.350238971,0.378310953,0
서울특별시 강북구 번3동,0.021273127,0.461663049,0.320224507,0
서울특별시 강북구 수유1동,0.502322928,0.346416469,0.456446978,0.181818182
서울특별시 강북구 수유2동,0.260982965,0.425415709,0.356860028,0.090909091
서울특별시 강북구 수유3동,0.519928275,0.405890235,0.611533198,0.090909091
서울특별시 강북구 삼양동,0.635911647,0.347558995,0.358297063,0
서울특별시 강북구 미아동,0.491727117,0.422588881,0.56578797,0.181818182
서울특별시 강북구 송중동,0.63542261,0.39605802,0.430526281,0.090909091
서울특별시 강북구 송천동,0.838454642,0.37715077,0.455749493,0.181818182
서울특별시 강북구 삼각산동,0.010025267,0.544948232,0.185063299,0
서울특별시 강북구 우이동,0.447224713,0.394859696,0.339247994,0.090909091
서울특별시 강북구 인수동,0.720270601,0.476748979,0.358349769,0.181818182
서울특별시 도봉구 쌍문1동,0.429456353,0.441198579,0.328353589,0.090909091
서울특별시 도봉구 쌍문2동,0.232863314,0.450810564,0.36101833,0.272727273
서울특별시 도봉구 쌍문3동,0.252098786,0.390116774,0.451908641,0
서울특별시 도봉구 쌍문4동,0.04352433,0.577349798,0.184750439,0.090909091
서울특별시 도봉구 방학1동,0.354144592,0.66315534,0.352392912,0
서울특별시 도봉구 방학2동,0.478686119,0.426262233,0.384726262,0.181818182
서울특별시 도봉구 방학3동,0.023881327,0.709922954,0.134357959,0
서울특별시 도봉구 창1동,0.169369957,0.461980297,0.332201546,0.090909091
서울특별시 도봉구 창2동,0.241013938,0.544134696,0.282261488,0.090909091
서울특별시 도봉구 창3동,0.294319015,0.291879012,0.377054054,0.272727273
서울특별시 도봉구 창4동,0.011736898,0.551956002,0.2446213,0.090909091
서울특별시 도봉구 창5동,0.063982395,0.532283733,0.272016467,0.272727273
서울특별시 도봉구 도봉1동,0.447469231,0.385518884,0.390523648,0.090909091
서울특별시 도봉구 도봉2동,0.137174994,0.737853974,0.303761067,0.090909091
서울특별시 노원구 월계1동,0.223164072,0.295153191,0.429998313,0.181818182
서울특별시 노원구 월계2동,0.074659712,0.475615929,0.361719522,0.090909091
서울특별시 노원구 월계3동,0.011573885,0.718762574,0.31125971,0
서울특별시 노원구 공릉2동,0.214198386,0.368693537,0.359322196,0.181818182
서울특별시 노원구 하계1동,0.1372565,0.418499451,0.358116451,0
서울특별시 노원구 하계2동,0,0.840653934,0.190287877,0
서울특별시 노원구 중계본동,0.230336621,0.346654511,0.125640096,0
서울특별시 노원구 중계1동,0,0.487386439,0.102535037,0
서울특별시 노원구 중계4동,0.027549108,0.44891675,0.298353028,0
서울특별시 노원구 상계1동,0.171163094,0.60335174,0.260788388,0.181818182
서울특별시 노원구 상계2동,0.207025837,0.247518304,0.352273203,0.090909091
서울특별시 노원구 상계5동,0.317222268,0.358350939,0.350729955,0.181818182
서울특별시 노원구 상계8동,0,0.501985935,0.241365588,0
서울특별시 노원구 상계9동,0,0.515548413,0.237428568,0
서울특별시 노원구 상계10동,0,0.393253826,0.248894075,0
서울특별시 노원구 상계3·4동,0.573151846,0.287170087,0.348860486,0.181818182
서울특별시 노원구 상계6·7동,0,0.410839721,0.306104417,0.181818182
서울특별시 노원구 중계2·3동,0.013693048,0.621881073,0.329328226,0
서울특별시 노원구 공릉1동,0.248594017,0.449676392,0.523339992,0.272727273
서울특별시 은평구 녹번동,0.402722308,0.403597683,0.376083243,0.363636364
서울특별시 은평구 불광1동,0.397587415,0.413284978,0.341805355,0.181818182
서울특별시 은평구 갈현1동,0.488711386,0.34021092,0.402134155,0.363636364
서울특별시 은평구 갈현2동,0.317140761,0.478851068,0.310520634,0.272727273
서울특별시 은평구 구산동,0.3098052,0.457226206,0.257278236,0.090909091
서울특별시 은평구 대조동,0.326595485,0.3372804,0.538068285,0.090909091
서울특별시 은평구 응암1동,0.19333279,0.344848609,0.400963625,0.090909091
서울특별시 은평구 응암2동,0.133262695,0.273580096,0.228684672,0.181818182
서울특별시 은평구 신사1동,0.241339963,0.273580096,0.311850596,0.272727273
서울특별시 은평구 신사2동,0.364658896,0.26277674,0.32131576,0.181818182
서울특별시 은평구 증산동,0.346564512,0.202823739,0.321935859,0.090909091
서울특별시 은평구 수색동,0.103675931,0.174943561,0.302607701,0
서울특별시 은평구 진관동,0.114353248,0.508498092,0.260296276,0.181818182
서울특별시 은평구 불광2동,0.547803407,0.379377432,0.437562528,0.090909091
서울특별시 은평구 응암3동,0.35332953,0.283066762,0.476282892,0.090909091
서울특별시 은평구 역촌동,0.461651316,0.51880323,0.335942338,0.181818182
서울특별시 서대문구 천연동,0.16366452,0.352840878,0.392554845,0
서울특별시 서대문구 홍제1동,0.293422447,0.386375516,0.32919466,0.090909091
서울특별시 서대문구 홍제3동,0.273127394,0.249794599,0.366569225,0.181818182
서울특별시 서대문구 홍제2동,0.082891841,0.41338076,0.295721308,0.181818182
서울특별시 서대문구 홍은1동,0.361561659,0.336410344,0.328453884,0.272727273
서울특별시 서대문구 홍은2동,0.481131307,0.386260393,0.399367234,0.454545455
서울특별시 서대문구 남가좌1동,0.052979053,0.814346471,0.172871718,0
서울특별시 서대문구 남가좌2동,0.28144103,0.350767198,0.420629203,0.454545455
서울특별시 서대문구 북가좌1동,0.128127802,0.402075634,0.181774947,0
서울특별시 서대문구 북가좌2동,0.499633222,0.463322946,0.387453023,0.181818182
서울특별시 서대문구 충현동,0.488303855,0.274668763,0.522871506,0.272727273
서울특별시 서대문구 북아현동,0.210367593,0.258674792,0.388302633,0.090909091
서울특별시 서대문구 신촌동,0.334909121,0.237995344,0.929488347,0.272727273
서울특별시 서대문구 연희동,1,0.396762032,0.611323576,0.181818182
서울특별시 마포구 용강동,0.064226913,0.397745069,0.327214386,0.090909091
서울특별시 마포구 대흥동,0.275980112,0.290834668,0.695440943,0.272727273
서울특별시 마포구 염리동,0.142961937,0.241228381,0.427193131,0
서울특별시 마포구 신수동,0.195125927,0.416224202,0.395386329,0.181818182
서울특별시 마포구 서교동,0.385524493,0.328901788,0.75086181,0.454545455
서울특별시 마포구 합정동,0.23555302,0.331326418,0.551720643,0.272727273
서울특별시 마포구 망원1동,0.326024941,0.32898735,0.501290915,0
서울특별시 마포구 망원2동,0.152742685,0.313698857,0.364859494,0.090909091
서울특별시 마포구 연남동,0.348276143,0.278541944,0.655207856,0.272727273
서울특별시 마포구 성산1동,0.299127883,0.368437465,0.494952762,0.181818182
서울특별시 마포구 성산2동,0.205151194,0.63866795,0.465657812,0.090909091
서울특별시 마포구 상암동,0.076371342,0.504769288,0.362045335,0.272727273
서울특별시 마포구 도화동,0.132121607,0.479427618,0.359142107,0.090909091
서울특별시 마포구 서강동,0.192517728,0.361949845,0.492093956,0.181818182
서울특별시 마포구 공덕동,0.455130818,0.603692755,0.463779151,0
서울특별시 마포구 아현동,0.043931861,0.448036489,0.2639428,0
서울특별시 양천구 목1동,0.037900399,0.57316542,0.096647928,0.090909091
서울특별시 양천구 목2동,0.27019317,0.40070641,0.361953944,0.181818182
서울특별시 양천구 목3동,0.162115902,0.356418404,0.379227632,0.363636364
서울특별시 양천구 목4동,0.220066835,0.350834136,0.272099736,0.181818182
서울특별시 양천구 신월1동,0.392697041,0.315013474,0.435102037,0.272727273
서울특별시 양천구 신월2동,0.260412422,0.35174507,0.239990479,0.090909091
서울특별시 양천구 신월3동,0.349091205,0.224361791,0.497068993,0.090909091
서울특별시 양천구 신월4동,0.126090146,0.387313749,0.177995094,0.181818182
서울특별시 양천구 신월5동,0.208085419,0.36101354,0.305277727,0.181818182
서울특별시 양천구 신월6동,0.01882794,0.203126749,0.181545889,0
서울특별시 양천구 신월7동,0.050615372,0.395307302,0.301185949,0.181818182
서울특별시 양천구 신정1동,0.055913277,0.42020008,0.123961579,0.090909091
서울특별시 양천구 신정2동,0.087374684,0.385255949,0.172222382,0
서울특별시 양천구 신정3동,0.17450485,0.550432634,0.227314293,0
서울특별시 양천구 신정6동,0,0.540602205,0.060203452,0
서울특별시 양천구 신정7동,0.013611541,0.724889403,0.2426782,0
서울특별시 양천구 목5동,0,0.533002957,0.058425762,0.363636364
서울특별시 양천구 신정4동,0.444861032,0.432601107,0.457819196,0.090909091
서울특별시 강서구 염창동,0.069035781,0.543304126,0.213813489,0.090909091
서울특별시 강서구 등촌1동,0.074415193,0.458874808,0.630691524,0
서울특별시 강서구 등촌2동,0.244844731,0.352493076,0.298463847,0
서울특별시 강서구 등촌3동,0,0.588785861,0.454092178,0.181818182
서울특별시 강서구 화곡본동,0.332056402,0.476814119,0.451539973,0.090909091
서울특별시 강서구 화곡2동,0.195777977,0.341846202,0.35799625,0
서울특별시 강서구 화곡3동,0.152905697,0.442897026,0.309188959,0.181818182
서울특별시 강서구 화곡4동,0.249816611,0.368898455,0.393766223,0.090909091
서울특별시 강서구 화곡6동,0.307441519,0.438079025,0.469282574,0.363636364
서울특별시 강서구 화곡8동,0.243866656,0.416719657,0.367781893,0.181818182
서울특별시 강서구 가양1동,0.104898525,0.572791428,0.757416482,0
서울특별시 강서구 가양2동,0,0.519940001,0.599663707,0
서울특별시 강서구 가양3동,0,0.592317416,0.475925288,0
서울특별시 강서구 발산1동,0.17686853,0.475936402,0.165401826,0.090909091
서울특별시 강서구 공항동,0.337680333,0.463167653,0.456904421,0.363636364
서울특별시 강서구 방화1동,0.267340452,0.521233791,0.256101436,0.181818182
서울특별시 강서구 방화2동,0.37085337,0.330578934,0.503215805,0.090909091
서울특별시 강서구 방화3동,0.052653028,0.683226338,0.442335984,0.272727273
서울특별시 강서구 화곡1동,0.351862417,0.550013112,0.513144567,0.181818182
서울특별시 강서구 우장산동,0.182329448,0.494722984,0.193373225,0.181818182
서울특별시 구로구 신도림동,0.085663053,0.634541844,0.184311292,0.181818182
서울특별시 구로구 구로1동,0,0.860278455,0.250592086,0
서울특별시 구로구 구로3동,0.065041976,0.430227961,0.646195437,0.090909091
서울특별시 구로구 구로4동,0.209634037,0.438254602,0.485762552,0.181818182
서울특별시 구로구 구로5동,0.309397669,0.511428235,0.492635047,0.272727273
서울특별시 구로구 고척1동,0.170022007,0.446840068,0.280508033,0.090909091
서울특별시 구로구 고척2동,0.409487326,0.511146726,0.310240495,0.181818182
서울특별시 구로구 개봉2동,0.12837232,0.679104523,0.211999007,0.090909091
서울특별시 구로구 개봉3동,0.1712446,0.497622089,0.250791846,0.090909091
서울특별시 구로구 오류1동,0.24745293,0.585201877,0.540146743,0.181818182
서울특별시 구로구 수궁동,0.870405086,0.420140471,0.249624928,0.181818182
서울특별시 구로구 가리봉동,0.300350477,0.205981224,0.738907241,0.090909091
서울특별시 구로구 구로2동,0.776835928,0.443264907,0.475195187,0.090909091
서울특별시 구로구 개봉1동,0.427663216,0.581254156,0.303047787,0.181818182
서울특별시 구로구 오류2동,0.547395876,0.563318665,0.24589918,0.272727273
서울특별시 구로구 항동,0.131062026,0.34920792,0.245769379,0.090909091
서울특별시 금천구 가산동,0.207514875,0.556499977,0.892993366,0.272727273
서울특별시 금천구 독산1동,0.136441438,1,0.564878199,0.181818182
서울특별시 금천구 독산2동,0.451544543,0.701986185,0.461196697,0.181818182
서울특별시 금천구 독산3동,0.436221371,0.678538049,0.4847721,0.090909091
서울특별시 금천구 독산4동,0.339147445,0.508105577,0.459284746,0.090909091
서울특별시 금천구 시흥1동,0.479990219,0.842569595,0.439444754,0.454545455
서울특별시 금천구 시흥2동,0.033091532,0.975543734,0.213308649,0
서울특별시 금천구 시흥3동,0.525959736,0.366805594,0.293648325,0.181818182
서울특별시 금천구 시흥4동,0.379330019,0.585686289,0.33517891,0.272727273
서울특별시 금천구 시흥5동,0.42627761,0.537111557,0.415656447,0.181818182
서울특별시 영등포구 여의동,0,0.621395231,0.241698902,0
서울특별시 영등포구 당산1동,0.162767952,0.394871274,0.533785296,0.181818182
서울특별시 영등포구 당산2동,0.07881653,0.557575491,0.549977591,0.272727273
서울특별시 영등포구 양평1동,0.149645448,0.307720001,0.558679777,0
서울특별시 영등포구 양평2동,0.095199283,0.453325423,0.430294803,0.181818182
서울특별시 영등포구 신길1동,0.452196593,0.26759617,0.694162642,0.181818182
서울특별시 영등포구 신길3동,0.306463444,0.26962092,0.377349788,0
서울특별시 영등포구 신길4동,0.1738528,0.194475568,0.411143041,0.090909091
서울특별시 영등포구 신길5동,0.269622626,0.172590605,0.366292968,0.090909091
서울특별시 영등포구 신길6동,0.250387155,0.313062966,0.474436781,0.090909091
서울특별시 영등포구 신길7동,0.071154943,0.336160101,0.238285723,0.090909091
서울특별시 영등포구 대림1동,0.343467275,0.255336504,0.428835149,0
서울특별시 영등포구 대림2동,0.475507376,0.339383777,0.56847866,0.090909091
서울특별시 영등포구 대림3동,0.291873828,0.412587673,0.364721154,0.272727273
서울특별시 영등포구 영등포본동,0.355693211,0.293728274,0.432137643,0.181818182
서울특별시 영등포구 영등포동,0.151357079,0.351114035,0.840689199,0.272727273
서울특별시 영등포구 도림동,0.38666558,0.288077892,0.525347422,0.090909091
서울특별시 영등포구 문래동,0.053142065,0.448564724,0.26686668,0.181818182
서울특별시 동작구 노량진2동,0.480316244,0.302854465,0.630490582,0.090909091
서울특별시 동작구 상도1동,0.41242155,0.549935652,0.52375959,0.363636364
서울특별시 동작구 상도2동,0.283641699,0.395883799,0.415537273,0.181818182
서울특별시 동작구 상도3동,0.457005461,0.423180092,0.467976738,0.181818182
서울특별시 동작구 상도4동,0.558154699,0.451502225,0.445021891,0.090909091
서울특별시 동작구 사당1동,0.40940582,0.463536356,0.662745105,0.363636364
서울특별시 동작구 사당3동,0.195370446,0.512939319,0.307640088,0.090909091
서울특별시 동작구 사당4동,0.216725079,0.341609007,0.496401644,0
서울특별시 동작구 사당5동,0.163175483,0.334425145,0.388570531,0.181818182
서울특별시 동작구 대방동,0.36025756,0.536128778,0.450579869,0.272727273
서울특별시 동작구 신대방1동,0.245659793,0.417990128,0.39127264,0.090909091
서울특별시 동작구 신대방2동,0.251935773,0.37286848,0.511261318,0
서울특별시 동작구 흑석동,0.490667536,0.387488974,0.403482026,0
서울특별시 동작구 노량진1동,0.364251365,0.521594117,0.48520194,0.181818182
서울특별시 동작구 사당2동,0.247045399,0.470945823,0.32403657,0.090909091
서울특별시 관악구 보라매동,0.511696145,0.342430076,0.556177974,0
서울특별시 관악구 청림동,0.159181677,0.383937895,0.259521408,0
서울특별시 관악구 행운동,0.344526856,0.392686814,0.751326015,0.454545455
서울특별시 관악구 낙성대동,0.26261309,0.263707029,0.827500167,0.090909091
서울특별시 관악구 중앙동,0.278506806,0.240767556,0.801833022,0.181818182
서울특별시 관악구 인헌동,0.375743744,0.383475783,0.64511061,0.090909091
서울특별시 관악구 남현동,0.25372891,0.332599762,0.555356608,0.181818182
서울특별시 관악구 서원동,0.385198468,0.343474043,0.74923059,0.090909091
서울특별시 관악구 신원동,0.40679762,0.366608668,0.702537641,0
서울특별시 관악구 서림동,0.343956313,0.33808439,0.760056253,0.090909091
서울특별시 관악구 신사동,0.482761431,0.375043609,0.740646066,0
서울특별시 관악구 신림동,0.200097807,0.281839862,1,0.272727273
서울특별시 관악구 난향동,0.148911892,0.368915228,0.258601183,0.181818182
서울특별시 관악구 조원동,0.241421469,0.274664992,0.744310636,0.181818182
서울특별시 관악구 대학동,0.342244682,0.243924279,0.88839728,0.454545455
서울특별시 관악구 은천동,0.317711305,0.415405141,0.466850449,0
서울특별시 관악구 성현동,0.128779852,0.481593358,0.301129415,0
서울특별시 관악구 청룡동,0.419757111,0.361093132,0.831412729,0.363636364
서울특별시 관악구 난곡동,0.602331078,0.482505708,0.423279578,0.090909091
서울특별시 관악구 삼성동,0.534354878,0.32702851,0.374588068,0.090909091
서울특별시 관악구 미성동,0.39359361,0.447127632,0.38652697,0.090909091
서울특별시 서초구 서초1동,0.168799413,0.397419977,0.454592127,0.181818182
서울특별시 서초구 서초2동,0.04287228,0.468896735,0.470945453,0.090909091
서울특별시 서초구 서초3동,0.234167414,0.510933962,0.452255041,0.272727273
서울특별시 서초구 서초4동,0.015975222,0.665292437,0.142844683,0
서울특별시 서초구 잠원동,0.081995273,0.644509303,0.307754137,0.272727273
서울특별시 서초구 반포본동,0,0.225698736,0.067053804,0
서울특별시 서초구 반포1동,0.203358057,0.665197133,0.475580795,0.181818182
서울특별시 서초구 반포2동,0,0.413943986,0.025447439,0
서울특별시 서초구 반포3동,0,0.500401142,0.110214576,0
서울특별시 서초구 반포4동,0.264487733,0.505023812,0.171410219,0
서울특별시 서초구 방배본동,0.114108729,0.534251585,0.250649888,0.090909091
서울특별시 서초구 방배1동,0.173282256,0.390586513,0.392710967,0
서울특별시 서초구 방배2동,0.258700791,0.353366475,0.324075982,0.181818182
서울특별시 서초구 방배3동,0.170103513,0.413278238,0.206743806,0
서울특별시 서초구 방배4동,0.169695982,0.424680592,0.333553063,0.272727273
서울특별시 서초구 양재1동,0.343630288,0.620039922,0.327024775,0.181818182
서울특별시 서초구 양재2동,0.28771701,0.360797002,0.494152335,0.272727273
서울특별시 서초구 내곡동,0.15999674,0.568053919,0.262729106,0
서울특별시 강남구 신사동,0.100741707,0.391615442,0.374724407,0.090909091
서울특별시 강남구 논현1동,0.453011655,0.397023399,0.737123655,0.363636364
서울특별시 강남구 논현2동,0.314614068,0.365053397,0.567635296,0.181818182
서울특별시 강남구 삼성1동,0.142798924,0.339031792,0.330972076,0.272727273
서울특별시 강남구 삼성2동,0.132529138,0.53890451,0.426749941,0.090909091
서울특별시 강남구 대치1동,0.002934224,0.562925494,0,0.181818182
서울특별시 강남구 대치4동,0.14679273,0.425498944,0.573175142,0.181818182
서울특별시 강남구 역삼1동,0.537615128,0.552947532,0.800533831,1
서울특별시 강남구 역삼2동,0.14353248,0.668824777,0.405996245,0.454545455
서울특별시 강남구 도곡1동,0.075800799,0.463180428,0.26492083,0.272727273
서울특별시 강남구 도곡2동,0.037981906,0.873293858,0.112109471,0.181818182
서울특별시 강남구 개포1동,0,0.161994557,0.258938418,0
서울특별시 강남구 개포4동,0.175564431,0.391799278,0.337012395,0.363636364
서울특별시 강남구 일원본동,0.104490994,0.492603533,0.101815741,0.090909091
서울특별시 강남구 일원1동,0.134403782,0.448437602,0.46937341,0.272727273
서울특별시 강남구 일원2동,0,0.448812608,0.32024961,0
서울특별시 강남구 수서동,0.014752629,0.587616266,0.511634316,0
서울특별시 강남구 세곡동,0.25633711,0.671059573,0.336747029,0.181818182
서울특별시 강남구 압구정동,0.09006439,0.582066061,0.205727694,0.090909091
서울특별시 강남구 청담동,0.225609259,0.490577941,0.36480888,0
서울특별시 강남구 대치2동,0.04352433,0.803342225,0.14026088,0.363636364
서울특별시 강남구 개포2동,0.016708778,0.321859507,0.128462082,0.090909091
서울특별시 송파구 풍납1동,0.308012063,0.327107683,0.380408031,0.272727273
서울특별시 송파구 풍납2동,0.170185019,0.47924403,0.338799992,0.272727273
서울특별시 송파구 거여1동,0.155432391,0.288820981,0.316974131,0.090909091
서울특별시 송파구 거여2동,0.099519113,0.32287554,0.314870455,0.090909091
서울특별시 송파구 마천1동,0.301899095,0.42876206,0.353472061,0.090909091
서울특별시 송파구 마천2동,0.343956313,0.387364591,0.340497657,0.181818182
서울특별시 송파구 방이1동,0.098622545,0.395207802,0.264274404,0.363636364
서울특별시 송파구 방이2동,0.229521558,0.500486581,0.636870893,0.181818182
서울특별시 송파구 오륜동,0,0.363169939,0.021643854,0
서울특별시 송파구 오금동,0.211264162,0.702153263,0.228698977,0.272727273
서울특별시 송파구 송파1동,0.187382835,0.461993906,0.510475747,0.090909091
서울특별시 송파구 송파2동,0.066264569,0.436900112,0.177642441,0
서울특별시 송파구 석촌동,0.222512022,0.530414429,0.540254104,0.090909091
서울특별시 송파구 삼전동,0.188116391,0.513736994,0.536175898,0.545454545
서울특별시 송파구 가락본동,0.112234086,0.463869522,0.347634337,0.181818182
서울특별시 송파구 가락1동,0,0.259996101,0.113412882,0.090909091
서울특별시 송파구 가락2동,0.096829407,0.552516846,0.205553125,0.181818182
서울특별시 송파구 문정1동,0.085500041,0.422980725,0.308255105,0.181818182
서울특별시 송파구 문정2동,0,0.738691861,0.646780445,0
서울특별시 송파구 잠실본동,0.177928112,0.47230352,0.589047679,0.090909091
서울특별시 송파구 잠실4동,0,0.604104536,0.067847657,0
서울특별시 송파구 잠실6동,0,0.589520335,0.077685548,0
서울특별시 송파구 잠실7동,0,0.362876246,0.063415979,0
서울특별시 송파구 잠실2동,0,0.524684075,0.077023996,0
서울특별시 송파구 잠실3동,0,0.702987779,0.069086792,0
서울특별시 송파구 장지동,0.105143043,0.480077838,0.265255788,0.181818182
서울특별시 송파구 위례동,0,0.405091097,0.089857237,0
서울특별시 강동구 강일동,0.006683511,0.483763919,0.186997266,0.090909091
서울특별시 강동구 상일동,0.182329448,0.277057184,0.112796216,0.090909091
서울특별시 강동구 명일1동,0.084684978,0.524323607,0.183869961,0.181818182
서울특별시 강동구 명일2동,0.027386095,0.591717708,0.122024489,0.090909091
서울특별시 강동구 고덕1동,0.082647323,0.44994043,0.120672869,0.090909091
서울특별시 강동구 고덕2동,0.147200261,0.249484132,0.227105921,0
서울특별시 강동구 암사2동,0.045480479,0.400468409,0.279295667,0.090909091
서울특별시 강동구 암사3동,0.063982395,0.41305697,0.097532646,0
서울특별시 강동구 천호1동,0.363680822,0.446204523,0.387711383,0.181818182
서울특별시 강동구 천호3동,0.326595485,0.439858878,0.518363535,0.090909091
서울특별시 강동구 성내1동,0.114353248,0.320348863,0.265052159,0.272727273
서울특별시 강동구 성내2동,0.335153639,0.304091985,0.556853418,0
서울특별시 강동구 성내3동,0.168310376,0.409165334,0.386597673,0.090909091
서울특별시 강동구 둔촌1동,0,0,0.572306359,0
서울특별시 강동구 둔촌2동,0.168147363,0.374511869,0.264624446,0.090909091
서울특별시 강동구 암사1동,0.355122667,0.517684537,0.368977474,0.181818182
서울특별시 강동구 천호2동,0.441111745,0.486895917,0.495353618,0.363636364
서울특별시 강동구 길동,0.340044013,0.559591548,0.422922111,0.545454545
